Model,Training Time
Naive Bayes,0.0029850006103515625
SVM,0.18200302124023438
Decision Tree,0.0031249523162841797
Random Forest,0.0869896411895752
XGBOOST,0.13488101959228516
xDeepFM,0.40665221214294434
FGCNN,2.59421706199646
